urls,display_name
https://dshapitest.xyz/AQREAN_BC_Cells.parquet,
https://dshapitest.xyz/AQREAN_Cells.parquet,
https://dshapitest.xyz/AQREAN_Cells_BC__EPSG_4326.parquet,
https://dshapitest.xyz/AQREAN_Cells__EPSG_4326.parquet,
https://dshapitest.xyz/BNG_Outline.parquet,
https://dshapitest.xyz/BUA_2022_GB__EPSG_27700.parquet,
https://dshapitest.xyz/Carbon_Cells.parquet,
https://dshapitest.xyz/CJ_EN_Grid_Heat.parquet,
https://dshapitest.xyz/CJ_EN_LSOA_2011_BFC_V3_2022.parquet,
https://dshapitest.xyz/CJ_EN_MSOA_2011_SHVI.parquet,
https://dshapitest.xyz/CJ_UK_Grid_UKCP18.parquet,
https://dshapitest.xyz/CJ_UK_LSOA_2011_Flood_Data.parquet,
https://dshapitest.xyz/CJ_WA_LSOA_2011_BFC_V3_2022.parquet,
https://dshapitest.xyz/CTRY_DEC_2023_UK_BFC__EPSG_27700.parquet,
https://dshapitest.xyz/CTYUA_DEC_2023_UK_BFC__EPSG_27700.parquet,
https://dshapitest.xyz/DEFRA_N_END_Noise_MappingAgglomerations_EN_R3.parquet,
https://dshapitest.xyz/DEFRA_N_Rail_Noise_LAeq16h_EN_R3.parquet,
https://dshapitest.xyz/DEFRA_N_Rail_Noise_Lden_EN_R3.parquet,
https://dshapitest.xyz/DEFRA_N_Rail_Noise_Lnight_EN_R3.parquet,
https://dshapitest.xyz/DEFRA_N_Road_Noise_LAeq16h_EN_R3.parquet,
https://dshapitest.xyz/DEFRA_N_Road_Noise_Lden_EN_R3.parquet,
https://dshapitest.xyz/DEFRA_N_Road_Noise_Lnight_EN_R3.parquet,
https://dshapitest.xyz/EVI_Cells.parquet,
https://dshapitest.xyz/GreaterManchester_EPSG_27700.parquet,
https://dshapitest.xyz/LSOA_2021_EW_BFC_V8__EPSG_27700.parquet,
https://dshapitest.xyz/ModelledBackgroundPollution_Cells.parquet,
https://dshapitest.xyz/MSOA_2021_EW_BFC_V6__EPSG_27700.parquet,
https://dshapitest.xyz/RGN_DEC_2023_EN_BFC__EPSG_27700.parquet,
https://dshapitest.xyz/Tiles_001_km.parquet,
https://dshapitest.xyz/Tiles_005_km.parquet,
https://dshapitest.xyz/Tiles_010_km.parquet,
https://dshapitest.xyz/Tiles_020_km.parquet,
https://dshapitest.xyz/Tiles_050_km.parquet,
https://dshapitest.xyz/Tiles_100_km.parquet,
https://dshapitest.xyz/UPRN_2024_05.parquet,
https://dshapitest.xyz/UTLA_MCTY_DEC_2022_UK_BFC__EPSG_27700.parquet,
https://dshapitest.xyz/WD_DEC_2023_UK_BFC__EPSG_27700.parquet,
https://dshapitest.xyz/Tiles_001_km/spatial_chunks_8/Tiles_001_km_chunk_0001.parquet|https://dshapitest.xyz/Tiles_001_km/spatial_chunks_8/Tiles_001_km_chunk_0002.parquet|https://dshapitest.xyz/Tiles_001_km/spatial_chunks_8/Tiles_001_km_chunk_0003.parquet|https://dshapitest.xyz/Tiles_001_km/spatial_chunks_8/Tiles_001_km_chunk_0004.parquet|https://dshapitest.xyz/Tiles_001_km/spatial_chunks_8/Tiles_001_km_chunk_0005.parquet|https://dshapitest.xyz/Tiles_001_km/spatial_chunks_8/Tiles_001_km_chunk_0006.parquet|https://dshapitest.xyz/Tiles_001_km/spatial_chunks_8/Tiles_001_km_chunk_0007.parquet|https://dshapitest.xyz/Tiles_001_km/spatial_chunks_8/Tiles_001_km_chunk_0008.parquet,Tiles_001_km/spatial_chunks_8/
https://dshapitest.xyz/Tiles_001_km/spatial_chunks_16/Tiles_001_km_chunk_0001.parquet|https://dshapitest.xyz/Tiles_001_km/spatial_chunks_16/Tiles_001_km_chunk_0002.parquet|https://dshapitest.xyz/Tiles_001_km/spatial_chunks_16/Tiles_001_km_chunk_0003.parquet|https://dshapitest.xyz/Tiles_001_km/spatial_chunks_16/Tiles_001_km_chunk_0004.parquet|https://dshapitest.xyz/Tiles_001_km/spatial_chunks_16/Tiles_001_km_chunk_0005.parquet|https://dshapitest.xyz/Tiles_001_km/spatial_chunks_16/Tiles_001_km_chunk_0006.parquet|https://dshapitest.xyz/Tiles_001_km/spatial_chunks_16/Tiles_001_km_chunk_0007.parquet|https://dshapitest.xyz/Tiles_001_km/spatial_chunks_16/Tiles_001_km_chunk_0008.parquet|https://dshapitest.xyz/Tiles_001_km/spatial_chunks_16/Tiles_001_km_chunk_0009.parquet|https://dshapitest.xyz/Tiles_001_km/spatial_chunks_16/Tiles_001_km_chunk_0010.parquet|https://dshapitest.xyz/Tiles_001_km/spatial_chunks_16/Tiles_001_km_chunk_0011.parquet|https://dshapitest.xyz/Tiles_001_km/spatial_chunks_16/Tiles_001_km_chunk_0012.parquet|https://dshapitest.xyz/Tiles_001_km/spatial_chunks_16/Tiles_001_km_chunk_0013.parquet|https://dshapitest.xyz/Tiles_001_km/spatial_chunks_16/Tiles_001_km_chunk_0014.parquet|https://dshapitest.xyz/Tiles_001_km/spatial_chunks_16/Tiles_001_km_chunk_0015.parquet|https://dshapitest.xyz/Tiles_001_km/spatial_chunks_16/Tiles_001_km_chunk_0016.parquet,Tiles_001_km/spatial_chunks_16/
https://dshapitest.xyz/Tiles_001_km/spatial_chunks_32/Tiles_001_km_chunk_0001.parquet|https://dshapitest.xyz/Tiles_001_km/spatial_chunks_32/Tiles_001_km_chunk_0002.parquet|https://dshapitest.xyz/Tiles_001_km/spatial_chunks_32/Tiles_001_km_chunk_0003.parquet|https://dshapitest.xyz/Tiles_001_km/spatial_chunks_32/Tiles_001_km_chunk_0004.parquet|https://dshapitest.xyz/Tiles_001_km/spatial_chunks_32/Tiles_001_km_chunk_0005.parquet|https://dshapitest.xyz/Tiles_001_km/spatial_chunks_32/Tiles_001_km_chunk_0006.parquet|https://dshapitest.xyz/Tiles_001_km/spatial_chunks_32/Tiles_001_km_chunk_0007.parquet|https://dshapitest.xyz/Tiles_001_km/spatial_chunks_32/Tiles_001_km_chunk_0008.parquet|https://dshapitest.xyz/Tiles_001_km/spatial_chunks_32/Tiles_001_km_chunk_0009.parquet|https://dshapitest.xyz/Tiles_001_km/spatial_chunks_32/Tiles_001_km_chunk_0010.parquet|https://dshapitest.xyz/Tiles_001_km/spatial_chunks_32/Tiles_001_km_chunk_0011.parquet|https://dshapitest.xyz/Tiles_001_km/spatial_chunks_32/Tiles_001_km_chunk_0012.parquet|https://dshapitest.xyz/Tiles_001_km/spatial_chunks_32/Tiles_001_km_chunk_0013.parquet|https://dshapitest.xyz/Tiles_001_km/spatial_chunks_32/Tiles_001_km_chunk_0014.parquet|https://dshapitest.xyz/Tiles_001_km/spatial_chunks_32/Tiles_001_km_chunk_0015.parquet|https://dshapitest.xyz/Tiles_001_km/spatial_chunks_32/Tiles_001_km_chunk_0016.parquet|https://dshapitest.xyz/Tiles_001_km/spatial_chunks_32/Tiles_001_km_chunk_0017.parquet|https://dshapitest.xyz/Tiles_001_km/spatial_chunks_32/Tiles_001_km_chunk_0018.parquet|https://dshapitest.xyz/Tiles_001_km/spatial_chunks_32/Tiles_001_km_chunk_0019.parquet|https://dshapitest.xyz/Tiles_001_km/spatial_chunks_32/Tiles_001_km_chunk_0020.parquet|https://dshapitest.xyz/Tiles_001_km/spatial_chunks_32/Tiles_001_km_chunk_0021.parquet|https://dshapitest.xyz/Tiles_001_km/spatial_chunks_32/Tiles_001_km_chunk_0022.parquet|https://dshapitest.xyz/Tiles_001_km/spatial_chunks_32/Tiles_001_km_chunk_0023.parquet|https://dshapitest.xyz/Tiles_001_km/spatial_chunks_32/Tiles_001_km_chunk_0024.parquet|https://dshapitest.xyz/Tiles_001_km/spatial_chunks_32/Tiles_001_km_chunk_0025.parquet|https://dshapitest.xyz/Tiles_001_km/spatial_chunks_32/Tiles_001_km_chunk_0026.parquet|https://dshapitest.xyz/Tiles_001_km/spatial_chunks_32/Tiles_001_km_chunk_0027.parquet|https://dshapitest.xyz/Tiles_001_km/spatial_chunks_32/Tiles_001_km_chunk_0028.parquet|https://dshapitest.xyz/Tiles_001_km/spatial_chunks_32/Tiles_001_km_chunk_0029.parquet|https://dshapitest.xyz/Tiles_001_km/spatial_chunks_32/Tiles_001_km_chunk_0030.parquet|https://dshapitest.xyz/Tiles_001_km/spatial_chunks_32/Tiles_001_km_chunk_0031.parquet|https://dshapitest.xyz/Tiles_001_km/spatial_chunks_32/Tiles_001_km_chunk_0032.parquet,Tiles_001_km/spatial_chunks_32/
https://dshapitest.xyz/DEFRA_N_Road_Noise_Lden_EN_R3/spatial_chunks_8/DEFRA_N_Road_Noise_Lden_EN_R3_chunk_0001.parquet|https://dshapitest.xyz/DEFRA_N_Road_Noise_Lden_EN_R3/spatial_chunks_8/DEFRA_N_Road_Noise_Lden_EN_R3_chunk_0002.parquet|https://dshapitest.xyz/DEFRA_N_Road_Noise_Lden_EN_R3/spatial_chunks_8/DEFRA_N_Road_Noise_Lden_EN_R3_chunk_0003.parquet|https://dshapitest.xyz/DEFRA_N_Road_Noise_Lden_EN_R3/spatial_chunks_8/DEFRA_N_Road_Noise_Lden_EN_R3_chunk_0004.parquet|https://dshapitest.xyz/DEFRA_N_Road_Noise_Lden_EN_R3/spatial_chunks_8/DEFRA_N_Road_Noise_Lden_EN_R3_chunk_0005.parquet|https://dshapitest.xyz/DEFRA_N_Road_Noise_Lden_EN_R3/spatial_chunks_8/DEFRA_N_Road_Noise_Lden_EN_R3_chunk_0006.parquet|https://dshapitest.xyz/DEFRA_N_Road_Noise_Lden_EN_R3/spatial_chunks_8/DEFRA_N_Road_Noise_Lden_EN_R3_chunk_0007.parquet|https://dshapitest.xyz/DEFRA_N_Road_Noise_Lden_EN_R3/spatial_chunks_8/DEFRA_N_Road_Noise_Lden_EN_R3_chunk_0008.parquet,DEFRA_N_Road_Noise_Lden_EN_R3/spatial_chunks_8/
https://dshapitest.xyz/DEFRA_N_Road_Noise_Lden_EN_R3/spatial_chunks_16/DEFRA_N_Road_Noise_Lden_EN_R3_chunk_0001.parquet|https://dshapitest.xyz/DEFRA_N_Road_Noise_Lden_EN_R3/spatial_chunks_16/DEFRA_N_Road_Noise_Lden_EN_R3_chunk_0002.parquet|https://dshapitest.xyz/DEFRA_N_Road_Noise_Lden_EN_R3/spatial_chunks_16/DEFRA_N_Road_Noise_Lden_EN_R3_chunk_0003.parquet|https://dshapitest.xyz/DEFRA_N_Road_Noise_Lden_EN_R3/spatial_chunks_16/DEFRA_N_Road_Noise_Lden_EN_R3_chunk_0004.parquet|https://dshapitest.xyz/DEFRA_N_Road_Noise_Lden_EN_R3/spatial_chunks_16/DEFRA_N_Road_Noise_Lden_EN_R3_chunk_0005.parquet|https://dshapitest.xyz/DEFRA_N_Road_Noise_Lden_EN_R3/spatial_chunks_16/DEFRA_N_Road_Noise_Lden_EN_R3_chunk_0006.parquet|https://dshapitest.xyz/DEFRA_N_Road_Noise_Lden_EN_R3/spatial_chunks_16/DEFRA_N_Road_Noise_Lden_EN_R3_chunk_0007.parquet|https://dshapitest.xyz/DEFRA_N_Road_Noise_Lden_EN_R3/spatial_chunks_16/DEFRA_N_Road_Noise_Lden_EN_R3_chunk_0008.parquet|https://dshapitest.xyz/DEFRA_N_Road_Noise_Lden_EN_R3/spatial_chunks_16/DEFRA_N_Road_Noise_Lden_EN_R3_chunk_0009.parquet|https://dshapitest.xyz/DEFRA_N_Road_Noise_Lden_EN_R3/spatial_chunks_16/DEFRA_N_Road_Noise_Lden_EN_R3_chunk_0010.parquet|https://dshapitest.xyz/DEFRA_N_Road_Noise_Lden_EN_R3/spatial_chunks_16/DEFRA_N_Road_Noise_Lden_EN_R3_chunk_0011.parquet|https://dshapitest.xyz/DEFRA_N_Road_Noise_Lden_EN_R3/spatial_chunks_16/DEFRA_N_Road_Noise_Lden_EN_R3_chunk_0012.parquet|https://dshapitest.xyz/DEFRA_N_Road_Noise_Lden_EN_R3/spatial_chunks_16/DEFRA_N_Road_Noise_Lden_EN_R3_chunk_0013.parquet|https://dshapitest.xyz/DEFRA_N_Road_Noise_Lden_EN_R3/spatial_chunks_16/DEFRA_N_Road_Noise_Lden_EN_R3_chunk_0014.parquet|https://dshapitest.xyz/DEFRA_N_Road_Noise_Lden_EN_R3/spatial_chunks_16/DEFRA_N_Road_Noise_Lden_EN_R3_chunk_0015.parquet|https://dshapitest.xyz/DEFRA_N_Road_Noise_Lden_EN_R3/spatial_chunks_16/DEFRA_N_Road_Noise_Lden_EN_R3_chunk_0016.parquet,DEFRA_N_Road_Noise_Lden_EN_R3/spatial_chunks_16/
https://dshapitest.xyz/DEFRA_N_Road_Noise_Lden_EN_R3/spatial_chunks_32/DEFRA_N_Road_Noise_Lden_EN_R3_chunk_0001.parquet|https://dshapitest.xyz/DEFRA_N_Road_Noise_Lden_EN_R3/spatial_chunks_32/DEFRA_N_Road_Noise_Lden_EN_R3_chunk_0002.parquet|https://dshapitest.xyz/DEFRA_N_Road_Noise_Lden_EN_R3/spatial_chunks_32/DEFRA_N_Road_Noise_Lden_EN_R3_chunk_0003.parquet|https://dshapitest.xyz/DEFRA_N_Road_Noise_Lden_EN_R3/spatial_chunks_32/DEFRA_N_Road_Noise_Lden_EN_R3_chunk_0004.parquet|https://dshapitest.xyz/DEFRA_N_Road_Noise_Lden_EN_R3/spatial_chunks_32/DEFRA_N_Road_Noise_Lden_EN_R3_chunk_0005.parquet|https://dshapitest.xyz/DEFRA_N_Road_Noise_Lden_EN_R3/spatial_chunks_32/DEFRA_N_Road_Noise_Lden_EN_R3_chunk_0006.parquet|https://dshapitest.xyz/DEFRA_N_Road_Noise_Lden_EN_R3/spatial_chunks_32/DEFRA_N_Road_Noise_Lden_EN_R3_chunk_0007.parquet|https://dshapitest.xyz/DEFRA_N_Road_Noise_Lden_EN_R3/spatial_chunks_32/DEFRA_N_Road_Noise_Lden_EN_R3_chunk_0008.parquet|https://dshapitest.xyz/DEFRA_N_Road_Noise_Lden_EN_R3/spatial_chunks_32/DEFRA_N_Road_Noise_Lden_EN_R3_chunk_0009.parquet|https://dshapitest.xyz/DEFRA_N_Road_Noise_Lden_EN_R3/spatial_chunks_32/DEFRA_N_Road_Noise_Lden_EN_R3_chunk_0010.parquet|https://dshapitest.xyz/DEFRA_N_Road_Noise_Lden_EN_R3/spatial_chunks_32/DEFRA_N_Road_Noise_Lden_EN_R3_chunk_0011.parquet|https://dshapitest.xyz/DEFRA_N_Road_Noise_Lden_EN_R3/spatial_chunks_32/DEFRA_N_Road_Noise_Lden_EN_R3_chunk_0012.parquet|https://dshapitest.xyz/DEFRA_N_Road_Noise_Lden_EN_R3/spatial_chunks_32/DEFRA_N_Road_Noise_Lden_EN_R3_chunk_0013.parquet|https://dshapitest.xyz/DEFRA_N_Road_Noise_Lden_EN_R3/spatial_chunks_32/DEFRA_N_Road_Noise_Lden_EN_R3_chunk_0014.parquet|https://dshapitest.xyz/DEFRA_N_Road_Noise_Lden_EN_R3/spatial_chunks_32/DEFRA_N_Road_Noise_Lden_EN_R3_chunk_0015.parquet|https://dshapitest.xyz/DEFRA_N_Road_Noise_Lden_EN_R3/spatial_chunks_32/DEFRA_N_Road_Noise_Lden_EN_R3_chunk_0016.parquet|https://dshapitest.xyz/DEFRA_N_Road_Noise_Lden_EN_R3/spatial_chunks_32/DEFRA_N_Road_Noise_Lden_EN_R3_chunk_0017.parquet|https://dshapitest.xyz/DEFRA_N_Road_Noise_Lden_EN_R3/spatial_chunks_32/DEFRA_N_Road_Noise_Lden_EN_R3_chunk_0018.parquet|https://dshapitest.xyz/DEFRA_N_Road_Noise_Lden_EN_R3/spatial_chunks_32/DEFRA_N_Road_Noise_Lden_EN_R3_chunk_0019.parquet|https://dshapitest.xyz/DEFRA_N_Road_Noise_Lden_EN_R3/spatial_chunks_32/DEFRA_N_Road_Noise_Lden_EN_R3_chunk_0020.parquet|https://dshapitest.xyz/DEFRA_N_Road_Noise_Lden_EN_R3/spatial_chunks_32/DEFRA_N_Road_Noise_Lden_EN_R3_chunk_0021.parquet|https://dshapitest.xyz/DEFRA_N_Road_Noise_Lden_EN_R3/spatial_chunks_32/DEFRA_N_Road_Noise_Lden_EN_R3_chunk_0022.parquet|https://dshapitest.xyz/DEFRA_N_Road_Noise_Lden_EN_R3/spatial_chunks_32/DEFRA_N_Road_Noise_Lden_EN_R3_chunk_0023.parquet|https://dshapitest.xyz/DEFRA_N_Road_Noise_Lden_EN_R3/spatial_chunks_32/DEFRA_N_Road_Noise_Lden_EN_R3_chunk_0024.parquet|https://dshapitest.xyz/DEFRA_N_Road_Noise_Lden_EN_R3/spatial_chunks_32/DEFRA_N_Road_Noise_Lden_EN_R3_chunk_0025.parquet|https://dshapitest.xyz/DEFRA_N_Road_Noise_Lden_EN_R3/spatial_chunks_32/DEFRA_N_Road_Noise_Lden_EN_R3_chunk_0026.parquet|https://dshapitest.xyz/DEFRA_N_Road_Noise_Lden_EN_R3/spatial_chunks_32/DEFRA_N_Road_Noise_Lden_EN_R3_chunk_0027.parquet|https://dshapitest.xyz/DEFRA_N_Road_Noise_Lden_EN_R3/spatial_chunks_32/DEFRA_N_Road_Noise_Lden_EN_R3_chunk_0028.parquet|https://dshapitest.xyz/DEFRA_N_Road_Noise_Lden_EN_R3/spatial_chunks_32/DEFRA_N_Road_Noise_Lden_EN_R3_chunk_0029.parquet|https://dshapitest.xyz/DEFRA_N_Road_Noise_Lden_EN_R3/spatial_chunks_32/DEFRA_N_Road_Noise_Lden_EN_R3_chunk_0030.parquet|https://dshapitest.xyz/DEFRA_N_Road_Noise_Lden_EN_R3/spatial_chunks_32/DEFRA_N_Road_Noise_Lden_EN_R3_chunk_0031.parquet|https://dshapitest.xyz/DEFRA_N_Road_Noise_Lden_EN_R3/spatial_chunks_32/DEFRA_N_Road_Noise_Lden_EN_R3_chunk_0032.parquet,DEFRA_N_Road_Noise_Lden_EN_R3/spatial_chunks_32/